target,task,comparison,challenger,baseline,metric,baseline_value,challenger_value,positive_improvement,ci95_low,ci95_high,ci99_5_low_ten_test_bonferroni,ci99_5_high_ten_test_bonferroni
effectiveness,regression,content_mlp_vs_content_ridge,content_mlp,content_ridge,spearman,0.1601074215652659,0.1029610116075359,-0.05714640995773,-0.0966426689715074,-0.0171615872315084,-0.1151540833209761,-0.0024598871974997
effectiveness,regression,gated_mlp_vs_content_ridge,gated_mlp,content_ridge,spearman,0.1601074215652659,0.1241576807117257,-0.0359497408535401,-0.0743978283008153,0.0025049489009029,-0.0919873012221342,0.017342060334942
funny,regression,content_mlp_vs_content_ridge,content_mlp,content_ridge,spearman,0.7077847570643484,0.7042877692323242,-0.0034969878320242,-0.0137895030082153,0.0070377561322467,-0.0182410866334774,0.0115969655653518
funny,regression,gated_mlp_vs_content_ridge,gated_mlp,content_ridge,spearman,0.7077847570643484,0.7134992197238785,0.0057144626595301,-0.0049596525106637,0.0161849452055121,-0.0097213444500952,0.020970706071362
exciting,regression,content_mlp_vs_content_ridge,content_mlp,content_ridge,spearman,0.5621775532552411,0.5544587566900352,-0.0077187965652059,-0.0214735192718909,0.0057950227089761,-0.0273362755748096,0.0107130483523815
exciting,regression,gated_mlp_vs_content_ridge,gated_mlp,content_ridge,spearman,0.5621775532552411,0.5598505482774828,-0.0023270049777582,-0.0156579785027167,0.0109970819439797,-0.0215925926845184,0.016809836154072
sentiment,classification,content_mlp_vs_content_ridge,content_mlp,content_ridge,macro_f1,0.1196374702967629,0.1314186932387148,0.0117812229419518,-0.0074308019764791,0.029653985663044,-0.0160946113087315,0.0370332359881422
sentiment,classification,gated_mlp_vs_content_ridge,gated_mlp,content_ridge,macro_f1,0.1196374702967629,0.1286168235731572,0.0089793532763942,-0.0085314693609918,0.0262442191007815,-0.0164874982660482,0.0342444564907433
topic,classification,content_mlp_vs_content_ridge,content_mlp,content_ridge,macro_f1,0.4151919019108357,0.3422075723412254,-0.0729843295696103,-0.0978432014054631,-0.0458133881528988,-0.1089150271476457,-0.0352557787698714
topic,classification,gated_mlp_vs_content_ridge,gated_mlp,content_ridge,macro_f1,0.4151919019108357,0.3219124537515403,-0.0932794481592954,-0.1176753508557815,-0.0650068275287534,-0.1303226875977852,-0.0552691657863172
